Adr Alibaba Group Hldg Ltd-Sp A, address: undefined
Absa Grp., address: undefined
Adani Ports And Special Economic Zone, address: undefined
Gt Capital Holdings Inc Php10, address: undefined
China Grand Automotive Services Co , address: undefined
Lotte Shopping Co., Ltd., address: undefined
Advanced Info Service Pcl, address: undefined
Advanced Info Service Public Co Non Vtg Dep Rec Ea, address: undefined
Shandong Hualu-Hengsheng Chemical  , address: undefined
Ak Transneft Pjsc, address: undefined
Akbank Tas, address: undefined
Airasia Group Berhad, address: undefined
Al Rajhi Bank Sar10 F, address: undefined
Advanced Petrochemical Company Sar10, address: undefined
Aier Eye Hospital Group Co , address: undefined
Abu Dhabi Commercial Bank Aed1, address: undefined
Aboitiz Equity, address: undefined
Aguas Andinas Sa - A, address: undefined
Agricultural Bank Of China Ltd, address: undefined
Adana Cimento Shs Try1, address: undefined
Aisino Co. Ltd. , address: undefined
Aboitiz Power Corporation Php1, address: undefined
Aecc Aviation Power, address: Fengcheng 10 Road, Weiyang District, Xi'an 710021, China
Ace Hardware Indonesia, address: Kawan Lama Building, 5th floor Jalan Puri Kencana No. 1 PuriKembangan, Jakarta 11610, Indonesia
Agile Group Holdings Ltd, address: 
Accton Technology Corp, address: No.1, Creation 3rd Road, Hsinchu Science Park East District, Hsinchu 30077, Taiwan
Air China Ltd , address: No. 30, Tianzhu Road, Tianzhu Airport Economic Development Zone Shunyi District, Beijing 101312, China
Aac Technologies Holdings Inc, address: Nanjing University Research Centre Shenzhen Branch, Block A No.6 YueXing 3rd Road South Hi-Tech Industrial Park, Nanshan District, Shenzhen 518057, China
Agricultural Bank Of China , address: No. 69, Jianguomen Nei Avenue, Dongcheng District, Beijing 100005, China
Yonghui Superstores, address: 436 West Second Ring Road, Fuzhou 3500002, China
Acer, Inc., address: No. 88, Xintai 5th Road, 8th Floor Sec. 1 Xizhi District, New Taipei City 221, Taiwan
Air China Ltd., address: No. 30, Tianzhu Road, Tianzhu Airport Economic Development Zone Shunyi District, Beijing 101312, China
Airports Of Thailand Public Co , address: 333 Cherdwutagard Road, Srikan Don Mueang, Bangkok 10210, Thailand
Advantech Co., Ltd., address: No. 1, Alley 20, Lane 26 Rueiguang Road Neihu District, Taipei 11491, Taiwan
Alinma Bank Sar10, address: undefined
Airtac International Group, address: No.129, Minsheng East Road, 4th Floor Section 3 Songshan District, Taipei City 105, Taiwan
China Molybdenum Co. Ltd., address: North of Yihe, Huamei Shan Road Chengdong New District Luanchuan County, Luoyang 471500, China
Amoreg, address: 100, Hangang-daero, Yongsan-gu, Seoul 04542, South Korea
Angang Steel, address: Angang factory, Tie Xi District, Anshan 114021, China
Gome Retail Holdings Limited, address: undefined
Aluminum Of China, address: undefined
Amrest Hldgs., address: undefined
Amore Pac Corp., address: undefined
Magazine Luiza Sa, address: undefined
Alibaba Health Information Technology Ltd, address: undefined
Altus San Nicolas, address: undefined
Alsea Sab De Cv Com Npv¦, address: undefined
Amorepacific Corp(New) Pfd , address: undefined
A-Living Services, address: undefined
Amorepacific Group, address: undefined
Anadolu Efes Biracilik Ve Malt Sanayii As, address: undefined
Ammb Holdings Bhd, address: undefined
Aldar Properties Aed1, address: undefined
Atacadao Sa Npv, address: undefined
Alfa Sa De Cv, address: undefined
Anhui Gujing Distillery Co , address: undefined
Alrosa Pao, address: undefined
Almarai Co Sar10, address: undefined
Shanxi Secs., address: undefined
Grupo Aval Acciones Y Valores Grupo Pfd Shs, address: undefined
Autohome Inc Adr Each Repr 1 Ord, address: undefined
Aluminum Corp. Of China Ltd., address: 
Alpha Bank Sa, address: 
America Movil Sab De Cv, address: Lago Zurich 245, Plaza Carso / Edificio Telcel Colonia Ampliacion Granada Miguel Hidalgo, Mexico City, DF 11529, Mexico
Sealand Securities, address: Guohai Building, 46 Binhu Road, Nanning 530028, China
Ypf Sociedad Anonima, address: Macacha Guemes 515, Buenos Aires C1106BKK, Argentina
Ayala Corp., address: Tower One and Exchange Plaza, 32nd Floor-35th Floor Ayala Triangle Ayala Avenue, Makati 1226, Philippines
Alibaba Pictures Group Ltd, address: 
Ambev Sa, address: Rua Dr. Renato Paes de Barros, 1017, 3rd Floor, Sao Paulo, SP 04530-001, Brazil
Kingboard Holdings Ltd, address: 
Brf Sa, address: 475, Rua Jorge Tzachel, Bairro Fazenda, Itajai, SC 88301-140, Brazil
Zhongjin Gold, address: 9 Anwai Street, Dongcheng District, Beijing 100011, China
Arcelik, address: Karaagac Caddesi No: 2-6, Sutluce Beyoglu, Istanbul 34445, Turkey
Anglogold Ashanti Ltd., address: 76 Rahima Moosa Street, Newtown, Johannesburg 2001, South Africa
Angel Yeast Co. Ltd. , address: 168 Chengdong Avenue, Yichang 443003, China
Ayala Land, Inc., address: undefined
Bajaj Auto Inr10 (, address: undefined
Avenue Supermarts Ltd, address: undefined
B Grimm Power Gdr, address: undefined
Avichina Industry  'H, address: undefined
Avic Jonhon Optronic Tech , address: undefined
58.Com Inc Adr Each Repr 2 Com , address: undefined
Arab National Bank Sar10, address: undefined
B2w-Cia Digital, address: undefined
Shandong Weigao Group Medical 'H'Cny0.1, address: undefined
B3 Brasil Bolsa Balcao, address: undefined
Aselsan Try1, address: undefined
Anglo Amern Comstk, address: undefined
China Southern Airlines Company Ltd , address: undefined
Asustek Computer Inc, address: No.15, Li-Te Road, Beitou District, Taipei, Taiwan
Anhui Kouzi Distillery, address: No. 9, Xiangshan South Road, Huaibei 235034, China
Natura &Co Hldg., address: 
Asian Paints Ltd, address: Asian Paints House, 6A, Shantinagar Santacruz East, Mumbai 400055, India
Asia Cement Corp., address: No. 207, Dunhua South Road, 30-31st Floors Sec. 2 Da'an District, Taipei City 106, Taiwan
Anxin Trust, address: 
Hengtong Optic-Electric Co, address: No. 88, Hengtong Avenue, Qidu Town Wujiang District, Suzhou 215234, China
Autek China Inc , address: No. 4899 Wangjiang West Road, High-tech Zone, Hefei, China
Aygaz, address: Buyukdere Caddesi, No: 145/1 Zincirlikuyu, Sisli 34394, Turkey
Avic Capital, address: Zhonghang Capital Building, Building 2 4th District, Wangjing East Park Chaoyang District, Beijing 100103, China
Beijing Enterprises Holdings Ltd, address: undefined
Berli Jucker Co Thb1(Nvdr), address: undefined
Beijing Shiji Info. Tech., address: undefined
Banco Bradesco Sa, address: undefined
Bbmg Corporation - H Comstk, address: undefined
Bancolombia Sa - Adr, address: undefined
Bharat Forge Ltd, address: undefined
Bdo Unibank Inc, address: undefined
Bank Of Guiyang, address: undefined
Bank Of Nanjing Co. Ltd. , address: undefined
Banco Btg Pactual Sa Units (1 Com & 2 Prf Cl, address: undefined
Bank Of Beijing Co. Ltd. , address: undefined
Bancolombia Sa Cnv Pfd Cop500, address: undefined
Bank Of Jiangsu Corporation , address: undefined
Anta Sports Products , address: undefined
Bank Rakyat Indonesia Persero Tbk Pt, address: undefined
Bank Of Shanghai, address: undefined
Bangkok Dusit Medical Services Thb1(Nvdr), address: undefined
Bharti Infratel Ltd Inr10, address: undefined
Beijing Tiantan Biological Products , address: undefined
Astra International Tbk Pt, address: undefined
Barwa Real Estate Company Qar10, address: undefined
Baozun Inc Adr Each Repr Ord Spons, address: undefined
Bosch Ltd Inr10, address: undefined
Betta Pharmaceuticals, address: undefined
Bco Do Brasil Sa, address: undefined
Beijing Enterprises Water Gp Ltd , address: undefined
Beijing Oriental Yuhong Waterproof , address: undefined
Autobio Diagnostics, address: undefined
Bangkok Bank Pcl, address: undefined
Banco Marco Sa, address: undefined
Bgi Genomics, address: undefined
Avic Electromechanical Sy, address: undefined
Bangkok Exp&Metro Thb1(Nvdr), address: undefined
Bank Mandiri Persero Tbk Pt, address: undefined
Banco Santander-Chile, address: undefined
Bid Corporation Limited Npv, address: undefined
Bk Central Asia Tbk Pt, address: undefined
Bank Millennium Sa, address: undefined
Bajaj Auto Inr10 (, address: undefined
Bank Negara Indonesia(Persero) Lkd Shs(Idr7500 & I, address: undefined
Bnk Financial Group Inc, address: undefined
Blackcow Food, address: undefined
Bk Of China Ltd., address: undefined
Bank Of Communications, address: undefined
Bohai Leasing, address: undefined
Beijing Tongrentang Co , address: undefined
Best Inc Adr, address: undefined
Banco Bradesco Sa Com Npv, address: undefined
Banque Saudi Frans Sar10, address: undefined
Bank Of Communications Co., Ltd., address: undefined
Beijing Enlight Media Co L, address: undefined
Bank Of Ningbo, address: undefined
Bank Of China Ltd , address: undefined
Bank Tabungan Negara Persero Idr500, address: undefined
Beijing Originwater Techno, address: undefined
Banco Santander(Brazil)Sa Units (Combination Of Co, address: undefined
Bgf Ret. New, address: undefined
Bank Albilad Sar10, address: undefined
Bim Birlesik Magazalar As, address: undefined
Boe Technology Group Co Lt, address: undefined
Banpu Co., address: undefined
Boc Aviation Pte Ltd Npv, address: undefined
Bharti Airtel Ltd Inr10, address: undefined
Bosideng International Holdings Ltd, address: undefined
Bbmg, address: undefined
Beijing Capital International Airport Co., Ltd., address: undefined
Baoshan Iron & Steel Co , address: undefined
Beijing New Building Materials , address: undefined
Banco De Credito E Inversiones Npv, address: undefined
Bank Of Hangzhou, address: undefined
Bancolombia Sa Cop500, address: undefined
Bangkok Bank Public Co, address: undefined
Bank Of The Philippine Islands, address: undefined
Bank Al Jazira Sar10, address: undefined
Beijing Sinnet Technology, address: undefined
Br Malls Participacoes Sa Npv, address: undefined
Bb Seguridade Participacoes Sa Com Npv, address: undefined
Bco De Chile, address: undefined
Bank Pekao Sa, address: undefined
Bidvest Group Ltd, address: undefined
Bank Of Chengdu, address: undefined
Berger Paints India Ltd, address: undefined
Bharat Petrol Corpinr10(D, address: undefined
Bumiputra-Commerce Holdings Bhd, address: undefined
Beijing Sevenstar Elect, address: undefined
Changchun High & New Tech , address: undefined
China Eastern Airlines Corp , address: undefined
China Everbright Bank, address: undefined
Byd Co, address: undefined
China Airlines, address: undefined
China Construction Bank , address: undefined
Cemex Sa De Cv, address: undefined
Centrais Eletricas Brasileiras Sa, address: undefined
Central Pattana Public Co Thb1(Nvdr), address: undefined
Changzhou Xingyu Automotive Lightin a , address: undefined
China East Education Hldgs Ltd , address: undefined
China Communications Construction  , address: undefined
China Coal Energy, address: undefined
Cheng Shin Rubber Industry Co., Ltd., address: undefined
Ccc Sa, address: undefined
Capitec Bank Hldgs. Ltd, address: undefined
Britannia Inds. 8.00% 8/28/2022, address: undefined
Changjiang Securities Company Limi , address: undefined
China Construction Bank Corp - H, address: undefined
China Everbright Bank, address: undefined
Caitong Securities Co. Ltd , address: undefined
China East Airline, address: undefined
China Citic Bank Corp Ltd - H, address: undefined
Celltrion Inc , address: undefined
Chang Hwa Commercial Bank, address: undefined
Centre Testing Intl Group , address: undefined
China Aoyuan Group Ltd , address: undefined
Britannia Inds., address: undefined
Celltrion Health Care, address: undefined
China Communications Constr H Shs, address: undefined
Brilliance China Automotive Holdings Ltd., address: undefined
Ccr Sa, address: undefined
Cgn Power, address: undefined
Chailease Holding Company Limited , address: undefined
Chaozhou Three-Circle (Group) Co  A , address: undefined
Bukit Asam Tbk Pt, address: undefined
Byd Company Limited , address: undefined
China Mobile Ltd, address: undefined
China Huarong Asset Management Co 'H', address: undefined
China Gezhouba Grp., address: undefined
China Literature, address: undefined
Charoen Pokphand Foods Thb1 (Nvdr), address: undefined
China Jinmao Holdings Group Ltd, address: undefined
China Life Insurance Co., Ltd., address: undefined
China Pacific Insurance (Group) Co.  , address: undefined
China Merchants Securities, address: undefined
China Mengniu Dairy Co., Ltd., address: undefined
China National Building Material Co 'H', address: undefined
Byd Electronic International Co. Lt , address: undefined
Cheil Communications, Inc., address: undefined
China Merchants Energy Shipping Co , address: undefined
China Longyuan Pwr Group Corp Ltd Com, address: undefined
China Galaxy Securities Co Comstk, address: undefined
China Oilfield, address: undefined
China Development Financial Holding Corp., address: undefined
China Evergrande Grp., address: undefined
China Everbright Ltd., address: undefined
China Resources Beer (Holdings) Company Limited, address: undefined
China National Chemical Engineering  , address: undefined
Catcher Technology Co., Ltd., address: undefined
Chicony Electronics, address: undefined
China Petroleum & Chemical Corp  , address: undefined
China Railway Signal & Com Corp Ltd , address: undefined
China Huishan Dairy Hldgs, address: undefined
China Intl Travel Service Corp Ltd  , address: undefined
China Hongqiao Group Ltd , address: undefined
China Everbright International Ord , address: undefined
China Resources Power Holdings, address: undefined
China Nthn Rare Earth (Gp) Hi-Tech , address: undefined
China Minsheng Banking Corp , address: undefined
China Molybdenum Co. Ltd. , address: undefined
Ceske Energeticke, address: undefined
China International Capital Corporation Ltd, address: undefined
China National Nuclear Power Co Common Stock, address: undefined
China Communications Svc, address: undefined
Bts Group Holdings Pcl Thb1(Nvdr), address: undefined
China Petroleum & Chemical Corp - H, address: undefined
Bumrungrad Hospital Co Thb1(Nvdr), address: undefined
China Life Insurance Co , address: undefined
China Railway Group Limited , address: undefined
China Merchants Bank , address: undefined
China Railway Hi-Tech Ind., address: undefined
British American Tobacco Malaysia Bhd, address: undefined
China Medical Sys , address: undefined
China Minsheng Bank - H Common, address: undefined
Bupa Arabia For Cooperative Ins Common Stock, address: undefined
China Resources Cement , address: undefined
China Resources Sanjiu Med, address: undefined
China Overseas Land & Investment Ltd., address: undefined
China Merchants Shekou Ind Zone Co , address: undefined
China Reinsurance (Group) Corp 'H' , address: undefined
China Power Intl. Dev. Lt, address: undefined
China Pac Ins Gr-H, address: undefined
China Resources Gas Group Ltd. , address: undefined
China Resources Pharmaceutical Gp L Npv, address: undefined
China Railways Construction, address: undefined
China First Cap. Grp., address: undefined
China Resources Land Ltd., address: undefined
Charoen Pokphand Indonesia Idr100, address: undefined
China Film, address: undefined
China Conch Venture Hldgs Limited , address: undefined
Chengdu Kanghong Pharmaceu , address: undefined
China Intl Marine Contain, address: undefined
China Construction Engineering Corp , address: undefined
Centros Comerciales Sudamericanos Sa, address: undefined
Braskem Sa, address: undefined
China Jushi, address: undefined
Cathay Financial Holding Co., Ltd., address: undefined
China Merchants Bank, address: undefined
China Life Insurance , address: undefined
China Railway Construction Corp , address: undefined
Changsha Zoomlion Heavy Industrial  H, address: undefined
China Cinda Asset Management Company Ltd, address: undefined
China Gas Holdings Ltd, address: undefined
China Greatwall Computer, address: undefined
China Lesso Group Holdings Ltd, address: undefined
China Merchants Port Holdings, address: undefined
China National Software& Service Co , address: undefined
Cd Projekt Red Sa, address: undefined
China Education Gp Hldgs Ltd , address: undefined
Centrais Eletricas Brasileiras Sa, address: undefined
China Citic Bank Corporation Ltd , address: undefined
China Taiping Insurance Holding, address: undefined
China Yangtze Power Co , address: undefined
China Vanke, address: undefined
Chinatrust Financial Holding Co., address: undefined
By-Health, address: undefined
Cia Cervecerias Unidas Sa, address: undefined
Chongqing Zhifei Biologica, address: undefined
Citic Securities, address: undefined
Cj Corp., address: undefined
Chongqing Fuling Zhacai Grp., address: undefined
Compal Electronics, Inc., address: undefined
Coca-Cola Femsa, address: undefined
Citic Securities, address: undefined
China Shipping Development Co., Ltd., address: undefined
Contemporary Amperex Technology Co , address: undefined
Cosco Shipping Dev., address: undefined
China Shenhua Energy Company Ltd , address: undefined
China Steel Corp., address: undefined
China Vanke, address: undefined
Cifi Holdings Group Co Limited , address: undefined
China Transinfo Technology, address: undefined
Cipla Ltd., address: undefined
China Unicom, address: undefined
Cia De Saneamento Basico Do Estado De Sao Paulo, address: undefined
Cogna Educacao, address: undefined
Cielo Sa, address: undefined
Cia Siderurgica Nacional Sa, address: undefined
Commercial International Bank, address: undefined
Cj Corp., address: undefined
Cia Brasileira Pao De Acucar P Acucar-Cbd, address: undefined
China Spacesat Co , address: undefined
China Sthn Airline, address: undefined
China Shenhua Energy, address: undefined
Container Of India, address: undefined
Cia Energetica De Minas Gerais, address: undefined
China Telecom Corp. Ltd., address: undefined
Clicks Group Ltd, address: undefined
Cosan S A Industria E Comercio Npv, address: undefined
Cia Vale Do Rio Doce, address: undefined
Cnooc Ltd, address: undefined
China Shipbuilding Industry Corp  , address: undefined
Coal India Ltd, address: undefined
China Securities C  t Line), address: undefined
China Zhongwang Hldgs Ltd , address: undefined
Cj Logistics, address: undefined
China Tower Corp L 144a, address: undefined
Colgate-Palmolive(India), address: undefined
Cosco Holdings, address: undefined
Chongqing Changan Automob, address: undefined
China Traditional Chinese Medicine Holdings, address: undefined
Cofco International Ltd., address: undefined
Chong Qing Brewery Co.Ltd , address: undefined
Chongqing Rural Commercial-H, address: undefined
Cp All Public Company Limited Thb1(Nvdr), address: undefined
Dawning Information Industry, address: undefined
Dp World Plc, address: undefined
Credicorp Ltd, address: undefined
China Ry Group Ltd., address: undefined
Daqin Railway, address: undefined
Dong-E-E-Jiaoco Ltd, address: undefined
Emaar Malls Pjsc, address: undefined
Dialog Group Bhd, address: undefined
Cosco Shipping Holdings, address: undefined
Colbun Sa, address: undefined
Dabur India Ltd Inr1, address: undefined
Cosco Shipping Ports, address: undefined
Dlf Limited Inr2, address: undefined
Country Garden Servs. Hldgs., address: undefined
Enel Americas Sa, address: undefined
East Money Information Co, address: undefined
Electricity Generating Public Co, address: undefined
Ecopetrol Sa, address: undefined
China United Network Communications , address: undefined
Daewoo Shipbuilding & Marine Engineering Co., Ltd., address: undefined
Energisa Sa- Units, address: undefined
Dongxu Optoelectronic Tech, address: undefined
Emaar The Economic City Sar10, address: undefined
Dhc Software, address: undefined
Chunghwa Telecom, address: undefined
Dino Polska Sa Pln0.1, address: undefined
E.Sun Financial Holding Co., Ltd., address: undefined
Energy Absolute Public, address: undefined
Commercial Bank Of Qatar, address: undefined
Embotelladora Andina Sa Prf 'B', address: undefined
Eicher Motors Inr10, address: undefined
Engie Brasil, address: undefined
Empresas Copec Sa, address: undefined
Digi Swisscom, address: undefined
Datang International Power Generation Co., Ltd., address: undefined
Conch Cement Co., Ltd., address: undefined
Entel Chile Sa, address: undefined
Divi'S Laboratories Limited Par Inr 2, address: undefined
Crrc Corporation Limited , address: undefined
Enn Energy Comstk, address: undefined
Cyfrowy Polsat Sa Pln0.04, address: undefined
Dongfang Elec., address: undefined
Emaar Properties Aed1, address: undefined
China State Construction, address: undefined
Doosan Bobcat Inc , address: undefined
El Puerto De Liverpool Sab De Cv Ser'C1'Npv(Non Vt, address: undefined
Citic Ltd, address: undefined
Cp All Pcl, address: undefined
China South Publishing & Media Grou , address: undefined
Cj Enm, address: undefined
Dar Al Arkan Real Estate Dev Sar10, address: undefined
Eastern Tobacco, address: undefined
Dubai Islamic Bank Aed1, address: undefined
First Financial Holding Co., Ltd., address: undefined
E-Mart, address: undefined
Everbright Securities Company Ltd , address: undefined
Far Eastern Textile Co., Ltd., address: undefined
Ford Otomotiv Sanayi As, address: undefined
Crrc Corporation Ltd, address: undefined
Equatorial Energia Com Npv, address: undefined
Fraser & Neave Hldgs Berhad Myr1, address: undefined
Etihad Etisalat Co Sar10, address: undefined
Gcl System Integration Technology C Stock Connect, address: undefined
Daewoo Engineering & Construction Co., Ltd., address: undefined
Fortress Reit, address: undefined
First Cap. Secs., address: undefined
Fujian Sunner Development, address: undefined
Delta Electronics, Inc., address: undefined
Giant Network Grou , address: undefined
Future Land Holdings, address: undefined
Far Eastone Telecommunications, address: undefined
Genting Bhd, address: undefined
Discovery Limited, address: undefined
Db Insurance, address: undefined
Financial Street Holding, address: undefined
Gf Securities, address: undefined
Dongxing Securities, address: undefined
Foschini Group Ltd/The, address: undefined
Gazprom Oao, address: undefined
Foxconn Indl. Internet, address: undefined
Fila Holdings Corp, address: undefined
Founder Securities, address: undefined
Formosa Plastics Corp., address: undefined
G-Bits Network Tech. Xiamen, address: undefined
Foxconn Technology Co., Ltd., address: undefined
Embraer Sa Com Npv, address: undefined
Eregli Demir Ve Celik Fabrikalari Tas, address: undefined
Genscript Biotech, address: undefined
Fuyao Glass Industry Group Co. Ltd. , address: undefined
Firstrand Ltd., address: undefined
Enel Chile Sa Adr, address: undefined
Fuyao Glass Industry Group Co. Ltd.  H, address: undefined
Feng Tay Enterprise , address: undefined
For Cooperative Insurance/The, address: undefined
Evergreen Marine Corp. Tawain Ltd., address: undefined
Eva Airways Corp., address: undefined
Gd Power Development Co , address: undefined
Far East Horizon Limited , address: undefined
Fangda Carbon New Material Co. Ltd  , address: undefined
Giant Manufacturing, address: undefined
Genting Malaysia Bhd, address: undefined
Fibra Uno Administracion Sa De Cv, address: undefined
Gemdale Corporation , address: undefined
Geely Automobile Holdings Limited , address: undefined
Gerdau Sa, address: undefined
Country Garden Hldgs Co., address: undefined
Formosa Taffeta Co., Ltd., address: undefined
Dali Foods Group Company Limited , address: undefined
Eve Energy, address: undefined
Gf Securities, address: undefined
Dr Reddy'S Laboratories, address: undefined
Fubon Financial Holding Co., Ltd., address: undefined
Gail India Ltd, address: undefined
Gulf Energy Development Ltd Thb5 (Nvdr), address: undefined
Gs Retail, address: undefined
Foshan Haitian Flavouring And , address: undefined
Exxaro Resources Limited, address: undefined
Elswedy Cables Egp10, address: undefined
Guosen Securities, address: undefined
Guangshen Railway Co , address: undefined
Grupo De Inversiones Suramericana Sa, address: undefined
Guangzhou Baiyun International Airp , address: undefined
Hangzhou Hikvision Digital, address: undefined
Globe Telecom, Inc., address: undefined
Greentown Service Group, address: undefined
Grupo Televisa S.A.B. De C.V, address: undefined
Greenland Holdings Corporation Ltd , address: undefined
Grandjoy Hldgs. Grp., address: undefined
Great Wall Motor Company Limited 'H', address: undefined
Grupo Aeroportuario Del Sureste Sa De Cv, address: undefined
Goertek Inc. , address: undefined
Grupo Carso Sa De Cv, address: undefined
Haci Omer Sabanci Holding As, address: undefined
Guotai Junan Secur  A Stock Connect, address: undefined
Gree Electric Appliances I, address: undefined
Grupo Financiero Banorte Sa De Cv, address: undefined
Guanghui Energy, address: undefined
Eurobank Ergasias S.A., address: undefined
Ganfeng Lithium, address: undefined
Ff Group, address: undefined
Hana Financial Group, Inc., address: undefined
Haidilao Intl Hldg Ltd, address: undefined
Guangzhou Automobile Grp., address: undefined
Guangzhou Haige Comms. Grp., address: undefined
Fomento Economico Mexicano Sab De Cv, address: undefined
Formosa Chemicals & Fibre Corp., address: undefined
Guangzhou Baiyunshan Pharmaceutical , address: undefined
Gedeon Richter Rt, address: undefined
Haitong Securities Co.Ltd , address: undefined
Godrej Consumer Products Inr1, address: undefined
Haier Smart Home, address: undefined
Giga Device Semiconductor (Beijing) , address: undefined
Growthpoint Properties Ltd, address: undefined
Grupa Lotos S.A. Pln1.00 (A), address: undefined
Empresas Cmpc Com, address: undefined
Guangdong Hec Technology Holding Co , address: undefined
Grupo Aeroportuario Del Pacifico Sa De Cv, address: undefined
Guangdong Haid Group Co, address: undefined
Guangzhou R&F Properties, address: undefined
Gs Engineering & Construction Corp., address: undefined
Guoyuan Secs., address: undefined
Gudang Garam Tbk Pt, address: undefined
Gs Holdings Corp , address: undefined
Enel Chile Sa, address: undefined
Glodon, address: undefined
Grupo Financiero, address: undefined
Guotai Junan Securities, address: undefined
Hangzhou Robam Appliances, address: undefined
Habib Bank Pkr10, address: undefined
Grupo Mexico Sa De Cv, address: undefined
Haitian International Holdings Ltd, address: undefined
Hangzhou Silan Microelec., address: undefined
Dongfeng Motor Group Co., Ltd., address: undefined
Focus Media Information Te, address: undefined
Formosa Petrochemical Corporation, address: undefined
Gds Holdings Ltd Spon Ads Each Rep 8 Ord Cl A, address: undefined
Global Power Synergy, address: undefined
Cspc Pharmaceutical Group Ltd, address: undefined
Daelim Industrial Co., address: undefined
Etisalat-Emirates Telecom.Corp Aed1, address: undefined
Fiberhome Telecommunications Tech , address: undefined
Guangzhou Auto Common Stock, address: undefined
Dc Chemical Co., Ltd., address: undefined
Dr Reddy'S Laboratories Ltd., address: undefined
Eclat Textile Co , address: undefined
Fosun International , address: undefined
Gold Fields Zar0.50, address: undefined
Guangzhou Kingmed Diagnostics Group , address: undefined
Gruma Sab De Cv, address: undefined
Gamuda Bhd, address: undefined
Grasim Industries Ltd, address: undefined
Highwealth Constru, address: undefined
Hundsun Technologies Inc , address: undefined
Hualan Biological Engineer, address: undefined
Grupo Bimbo Sab De Mxn, address: undefined
Grupo Financiero Galicia Sa, address: undefined
Haier Electronics Group, address: undefined
Haitong Secs., address: undefined
Globant Sa , address: undefined
Hengan International Group, address: undefined
Guangdong Wen'S Foodstuff Group Co , address: undefined
Hon Hai Precision Industry Co., Ltd., address: undefined
Grg Banking Equip., address: undefined
Gujarat Ambuja Cements Ltd, address: undefined
Hangzhou Tigermed Consulting, address: undefined
Hotai Motor Co , address: undefined
Hlb, address: undefined
Hankook Tire & Technology, address: undefined
Hdc Hyundai Dev. Co-Engineering & Const., address: undefined
Helixmith Co , address: undefined
Henan Shuanghui Investment, address: undefined
Huadian Power Intl., address: undefined
Hindustan Lever Inr1, address: undefined
Huadian Intl., address: undefined
Hua Hong Semiconductor Limited Npv, address: undefined
Huaneng Power Intl., address: undefined
Hansoh Pharmaceutical Group, address: undefined
Huatai Securities, address: undefined
Huya Inc Ads Each Rep 1 Ord Shs Cl A, address: undefined
Hanon Systems, address: undefined
Home Product Center Pcl Non Vtg Dep Rcpt Thb1, address: undefined
Hapvida Participacoes , address: undefined
Hanwha Life Insurance, address: undefined
Huaxin Cement, address: undefined
Hdfc Asset Management Company Ltd Eq New Fv Rs. 5/, address: undefined
Huadong Medicine, address: undefined
Hanmi Pharm, address: undefined
Hcl Technologies, address: undefined
Hdfc Standard Life Insurance Com Stck, address: undefined
Hefei Meiya Optoelectronic, address: undefined
Hindustan Petrol, address: undefined
Hengyi Petrochemical Co, address: undefined
Havells India Ltd, address: undefined
Hengli Petrochemical, address: undefined
Hithink Royalflush Information Netw , address: undefined
Hanwha, address: undefined
Hap Seng Consolidated Bhd, address: undefined
Hm Sampoerna Idr100, address: undefined
Hero Motocorp Ltd, address: undefined
Hindalco, address: undefined
Huatai Securities, address: undefined
Hiwin Technologies Corp T, address: undefined
Huaan Securities, address: undefined
Hong Leong Credit, address: undefined
Huaneng Power International, Inc., address: undefined
Huayu Automotive Systems, address: undefined
Hotel Shilla , address: undefined
Hongfa Technology, address: undefined
Hua Nan Financial Holdings Co., Ltd., address: undefined
Hubei Energy Group, address: undefined
Hla, address: undefined
Hellenic Telecom S.A., address: undefined
Hutchison China Meditech Spon Adr Each Repr 0.50 O, address: undefined
Huaxia Bank Co , address: undefined
Hubei Biocause Pharmaceuti, address: undefined
Huaxi Secs., address: undefined
Hong Leong Bank Bhd, address: undefined
Housing Development Finance Corp, address: undefined
Hypera Sa, address: undefined
Hanwha Solutions Corp, address: undefined
Hartalega Holdings Bhd, address: undefined
Huaneng Renewables Corp-H, address: undefined
Indocement Tunggal Prakarsa Idr500, address: undefined
Inner Mongolia Yili Inds. Gp Co. Lt  , address: undefined
Huazhu Grp., address: undefined
Hyundai Heavy Industries Holdings, address: undefined
Ijm Corp. Bhd, address: undefined
Ioi Corp Myr0.10, address: undefined
Industrial & Commercial Bk Of China  , address: undefined
Hyundai Glovis, address: undefined
Jasa Marga(Persero) Tbk Pt Idr500, address: undefined
Industrial Bank, address: undefined
Iflytek, address: undefined
Inversiones Argos Cop62, address: undefined
Innolux Display Corporation, address: undefined
Indian Oil Corporation Ltd, address: undefined
Hyundai Mobis, address: undefined
Ishares Inc Core Msci Emerging Mkts Et, address: undefined
Info Edge Inr10¦, address: undefined
Jafron Biomedical, address: undefined
Inter Rao Ues Pjsc, address: undefined
Indorama Polymers Pcl Thb1(Nvdr), address: undefined
Icici Bank, address: undefined
Hyundai Motor Co Pfd, address: undefined
Innovent Biologics Inc, address: undefined
Infosys Limited Infosys Limited, address: undefined
Is Gayrimenkul Yatirim Ortakligi As, address: undefined
Itau Unibanco Pfdstk, address: undefined
Impala Platinum Holdings Ltd Zar0.025, address: undefined
Intl Container Term Svcs, Inc., address: undefined
Icici Prudential Life Ins, address: undefined
Interglobe Aviation Limited Inr10, address: undefined
Industries Qatar, address: undefined
Itc, address: undefined
Interconexion Electrica Sa Comstk, address: undefined
Inner Mongolia Baotou Steel Union , address: undefined
Ihh Healthcare Bhd Com, address: undefined
Investec Ltd., address: undefined
Inner Mongolia Yitai Coal 'B' , address: undefined
Infraestructura Energetica Nova Sab Npv Class Ii, address: undefined
Intouch Hldgs. Pcl, address: undefined
Hyundai Marine & Fire Insurance, address: undefined
Hyundai Engineering & Construction Co., Ltd., address: undefined
Itausa Inv, address: undefined
Iflytek, address: undefined
Inventec Co., Ltd., address: undefined
Industrial & Commercial Bank Of China Ltd - H, address: undefined
Hyundai Motor Co, address: undefined
Indofood Cbp Sukses Makmur T Comm Stk, address: undefined
Hyundai Department Store Co., Ltd., address: undefined
Industrial Securities, address: undefined
Icici Lombard Gen Insurance, address: undefined
Irb Brasil Resseguros Sa Com Npv, address: undefined
Indl Bank Of Korea, address: undefined
Jbs Sa Npv, address: undefined
Indofood Sukses Makmur Tbk Pt, address: undefined
Irpc Public, address: undefined
Kb Financial Group, Inc., address: undefined
Lingyi Itech (Guangdong) Company , address: undefined
Jd.Com Inc Ads Ea Repr 2 Com , address: undefined
Jollibee Foods Corp., address: undefined
Komercni Banka, address: undefined
Lojas Americanas Sa, address: undefined
Ishares Msci Emerging Markets Etf, address: undefined
Kasikornbank Pcl, address: undefined
Jiangxi Copper Co , address: undefined
Itau Corpbanca, address: undefined
Jarir Marketing Co. Sar10, address: undefined
Iqiyi Inc Spon Each Ads Rep 7 Ord Shs Class A, address: undefined
Kalbe Farma Tbk Pt, address: undefined
Legend Holdings Corporation 'H' , address: undefined
Li Ning Co., Ltd., address: undefined
Lukoil Pjsc, address: undefined
Krung Thai Bank Pcl, address: undefined
Lojas Renner Sa, address: undefined
Jiangsu Hengli Hydraulic, address: undefined
Kumho Petro Chemical Co, address: undefined
Luye Pharma Gp Ltd , address: undefined
Kingboard Laminates Holdings Ltd, address: undefined
Kuala Lumpur Kepong Bhd, address: undefined
Jiajiangsu Zhongnan Construct , address: undefined
Jiangsu Zhong Tian Tech , address: undefined
Mahindra _Mahindra Financial Service, address: undefined
Kcc Glass, address: undefined
Indah Kiat Pulp & Paper (Pt) Tbk Scripless Shares, address: undefined
Joincare Pharmaceutical Group Ind  , address: undefined
Jiangxi Zhengbang Tech ' , address: undefined
Klabin Sa Units (1 Com & 4 Prf), address: undefined
Kimberly Clark De Mexico S.A.B De C.V, address: undefined
Korea Electric Power Corp., address: undefined
Lic Housing Finan Inr 2, address: undefined
Lg Chemical Prf , address: undefined
Kt&G Corp, address: undefined
Industrias Penoles Sa De Cv, address: undefined
Lee & Man Paper Mfg Ltd., address: undefined
Jonjee Hi-Tech Industrial & Comm Gp , address: undefined
Localiza Rent , address: undefined
Malaysia Airports Hldgs B, address: undefined
Luxshare Precision Industry, address: undefined
Lens Technology, address: undefined
Jsw Steel, address: undefined
Maanshan Iron & Steel, address: undefined
Lg Household&Healthcare Prf , address: undefined
Lg Display Co. Ltd., address: undefined
Juneyao Airlines, address: undefined
Juewei Food, address: undefined
Kia Motors Corp., address: undefined
Jiangsu King'S Luck Brewery Jsc , address: undefined
Jiangsu Expressway, address: undefined
Korea Gas Corporation, address: undefined
Kakao Corp, address: undefined
Kingsoft Corp. Ltd, address: undefined
Jiangsu Changshu Rural Comml Bank , address: undefined
Liaoning Cheng Da, address: undefined
Kaisa Group Holdings Limited , address: undefined
Jiangsu Yanghe Brewery, address: undefined
Korea Shipbuilding & Offshore, address: undefined
Lotte Corp, address: undefined
Kwg Group Holdings Ltd, address: undefined
Largan Precision Co., Ltd., address: undefined
Longi Green Energy Technology Co Lt , address: undefined
Kmw Inc , address: undefined
Korea Zinc Co., Ltd., address: undefined
Manila Electric Co., address: undefined
Kingdee International Sft, address: undefined
Laobaixing Pharmacy Chain, address: undefined
Lotte Chemical Corporation, address: undefined
Latam Airlines Group Sa, address: undefined
Land & Houses, address: undefined
Malaysia Int Ship Myr1, address: undefined
Liberty Holdings Ltd, address: undefined
Kasikornbank Pcl, address: undefined
Jumbo Sa Eur1.40, address: undefined
Mango Excellent Media, address: undefined
Jiangsu Hengrui Medical, address: undefined
Lg Innotek Co , address: undefined
Masraf Al-Rayan Qar10 (67.65% Paid Up), address: undefined
Longfor Group Holdings Ltd, address: undefined
Krung Thai Bank Public, address: undefined
Korea Investment Holdings Co., Ltd., address: undefined
Maruti Udyog Ltd, address: undefined
Jiangsu Yuyue Med. Equip. & Supply, address: undefined
Lg Household & Health Care Ltd., address: undefined
Joyy, address: undefined
Hyundai Motor Co, address: undefined
Kghm Polska Miedz Sa, address: undefined
Kweichow Moutai , address: undefined
Kunlun Energy Company Ltd, address: undefined
Lg Telecom Ltd., address: undefined
Korea Aerospace Industries, address: undefined
Lomon Billions, address: undefined
Magnit Pjsc, address: undefined
Marico Ltd Inr1¦, address: undefined
Jg Summit Hldgs Inc Php1, address: undefined
Lepu Medical Technology , address: undefined
Maxis Bhd Myr0.10, address: undefined
Jinke Props. Grp., address: undefined
Magnit Gdr(5 Gdrs Rep 1 Ord) Regs, address: undefined
Lpp Sa Pln2, address: undefined
Hyundai Steel Co, address: undefined
Jointown Pharm. Grp., address: undefined
Lg Corp., address: undefined
Lupin Ltd, address: undefined
Kangwon Land Inc, address: undefined
Maanshan Iron & Steel, address: undefined
Korean Air Lines Co., Ltd., address: undefined
Inner Mongolia Junzheng Energy & Chem. Ind. Grp., address: undefined
Inspur Electronic Informat, address: undefined
Jinyu Bio-Technology, address: undefined
Kcc Corp., address: undefined
Malayan Banking Bhd, address: undefined
Jiangxi Copper Co., Ltd., address: undefined
Koc Holding As, address: undefined
Kumba Iron Ore Ltd, address: undefined
Lite-On Technology Corp, address: undefined
Lenovo Group Ltd., address: undefined
Logan Property Hldgs Co Limited Com, address: undefined
Luzhou Laojiao, address: undefined
Lg Chem Ltd., address: undefined
Meituan Dianping  (A & B Class), address: undefined
Mol Hungarian Oil & Gas Plc, address: undefined
Mbank Sa, address: undefined
Magnitogorsk Ironsteel Works, address: undefined
Lukoil Pjsc, address: undefined
Momo Inc Adr Each Repr 2a Ord, address: undefined
Muyuan Foodstuff, address: undefined
Naspers Ltd., address: undefined
Motherson Sumi Systems Inr1, address: undefined
Nanji E-Commerce, address: undefined
Nepi Rockcastle, address: undefined
Multichoice Grp., address: undefined
New China Life Insurance, address: undefined
Nanjing Securities Co. Ltd. , address: undefined
Nari Technology, address: undefined
Mobile Telesystems, address: undefined
Mr.Price Group Com Stk, address: undefined
Mtn Group Ltd., address: undefined
Larsen & Toubro Ltd, address: undefined
New China Life Insurance, address: undefined
Metallurgical Corp Of China Ltd , address: undefined
Lg Electronics, Inc., address: undefined
Megaworld Corp., address: undefined
Mega Financial Holding Co., Ltd., address: undefined
Ncsoft Corp., address: undefined
Minor International Public Company Thb1(Nvdr), address: undefined
Motor Oil Sa, address: undefined
Metro Bank&Trust Php, address: undefined
National Commercial Bank Sar10, address: undefined
Meinian Onehealth Healthcare Holdin , address: undefined
National Bank Of Abu Dhabi Aed1, address: undefined
Nedbank Group Ltd., address: undefined
Moscow Exchange Micex-Rts Rub1(, address: undefined
Metallurgical Corp Com Stk, address: undefined
Multiplan Empreendimentos, address: undefined
Netease Inc., address: undefined
Nanjing King-Friend Biochemical Pha , address: undefined
Mmc Norilsk Nickel Adr, address: undefined
Minas Buenaventura Sponsored Adr, address: undefined
Metro Pacific Investments Co Php1, address: undefined
Muangthai Capital Public Company Limited, address: undefined
Netmarble Corp, address: undefined
Life Healthcare Group Holdings Ltd, address: undefined
Naver Corp, address: undefined
Mirae Asset Daewoo, address: undefined
Meritz Secs., address: undefined
Mesaieed Petrochemical Hldg Qar10, address: undefined
National Bank Of Greece, address: undefined
Micro-Star International Co., Ltd., address: undefined
Livzon Pharm. Grp., address: undefined
Nestle India, address: undefined
Navinfo, address: undefined
Moneta Money Bank As Czk1, address: undefined
National Industrialisation Co (Nic) Sar10, address: undefined
Nan Ya Plastics Corp., address: undefined
Nanya Technology Corporation , address: undefined
Nestle Malaysia Bhd, address: undefined
Mmc Norilsk Nickel Pjsc, address: undefined
Mahindra & Comst, address: undefined
Muslim Commercial Bank, address: undefined
Petronas Chemicals Group Bhd, address: undefined
Orion Holdings, address: undefined
Megacable Holdings, address: undefined
Momentum Metropolitan Hldgs., address: undefined
Medy-Tox Inc , address: undefined
Notre Dame Intermedica Participacoes, address: undefined
Phison Electronics Corp, address: undefined
Perfect World, address: undefined
Old Mut., address: undefined
Page Industries Ltd, address: undefined
Oao Gazprom, address: undefined
Petrochina Co., Ltd., address: undefined
Ningbo Zhoushan Port, address: undefined
Ofilm Group, address: undefined
Ottogi Corp, address: undefined
Oppein Home Grp., address: undefined
Oil & Gas Development Company Ltd., address: undefined
New Oriental Ed & Technology Gp Inc Spons Adr Ea R, address: undefined
Nine Dragons Paper Holdings, address: undefined
Pick'N Pay Stores Ltd., address: undefined
Petronet Lng Inr10¦, address: undefined
Petroleo Brasileiro Sa, address: undefined
Oriental Pearl Media, address: undefined
Nexteer Automotive Grp., address: undefined
Nio Inc Ads Each Repr 1 Ord A Shs, address: undefined
Nien Made Enterprise, address: undefined
Pidilite Industries Ltd, address: undefined
Northam Platinum Zar0.01, address: undefined
Osotspa Gdr, address: undefined
Pan Ocean, address: undefined
Novatek Microelectronics Corp. Ltd., address: undefined
Pepkor Hldgs., address: undefined
Petrobras Distribuidora Sa Com Stk Npv, address: undefined
Opap Sa, address: undefined
Phosagro Oao-Gdr Reg S-W/I, address: undefined
Petroleo Brasileiro Sa, address: undefined
Pegatron Corp Comstk, address: undefined
Otp Bank Rt, address: undefined
Petrochina Co , address: undefined
Offshore Oil Eng., address: undefined
Ooredoo Qsc, address: undefined
Pabrik Kertas Tjiwi Kimia, address: undefined
Pearlabyss Corp , address: undefined
Petronas Gas Bhd, address: undefined
Novatek Pjsc, address: undefined
Orbia Advance Corp Sab De Cv, address: undefined
New Hope Liuhe, address: undefined
Ping An Bank, address: undefined
Pac. Secs. The/China, address: undefined
Pangang Gp Vanadium Titanium & Res , address: undefined
Novolipetsk Steel Ojsc, address: undefined
Orange Life Insurance, Ltd, address: undefined
Perusahaan Gas Negara Tbk Pt, address: undefined
Noah Holdings Ltd -Spon Ads, address: undefined
Picc Property & Casualty Co., Ltd., address: undefined
Nh Investment & Securities, address: undefined
Pinduoduo Inc Spon Ads Each Rep 4 Ord Shs, address: undefined
Nicholas Piramal India Ltd, address: undefined
Orient Securities Company Limited , address: undefined
Petronas Dagangan, address: undefined
Ntpc Ltd., address: undefined
People'S Insurance Co Grp Of China 'H', address: undefined
Oil & Natural Gas Oil & Natural Gas, address: undefined
Pge Polska Grupa Energetyczna Sa Pln10.0 (Allotmen, address: undefined
Ptt Explortin & Prdthb5(Np, address: undefined
Qatar Fuel - Woqod Qar10, address: undefined
Powszechny Zaklad Ubezpiecze, address: undefined
Realtek Semiconductor Corp., address: undefined
Porto Seguro Sa, address: undefined
Quanta Computer Inc, address: undefined
Ptt Exploration & Production, address: undefined
Posco, address: undefined
Polish Oil & Gas Co., address: undefined
Power Grid Corp Of India Inr10, address: undefined
Ptt Public, address: undefined
Public Bank Bhd Myr1, address: undefined
Rec Ltd, address: undefined
Rabigh Refining And Petrochemical C Sar10, address: undefined
Rand Merchant Investment Holdings Ltd, address: undefined
Press Metal Aluminium Hldg Bhd Npv, address: undefined
Reinet Investments Sca Npv, address: undefined
Samsung Securities Co., Ltd., address: undefined
Robinson Pcl, address: undefined
Qatar Islamic Bank Qar10, address: undefined
Rhb Bank Bhd, address: undefined
Sanlam Ltd., address: undefined
Risesun Real Estate Devel , address: undefined
Posco International Corp, address: undefined
Riyad Bank Sar10, address: undefined
Power Construction Corp Of China , address: undefined
Ping An Insurance Group Co Of China Ltd., address: undefined
Qatar Insurance Co Qar10, address: undefined
Ppb Group Bhd, address: undefined
President Chain Store Corp., address: undefined
Pt Adaro Energy Tb, address: undefined
Reliance Inds, address: undefined
Pldt Inc, address: undefined
Pt Barito Pacific Timber, address: undefined
Pou Chen Corp., address: undefined
Redefine Properties Ltd, address: undefined
Pt Bumi Serpong Damai Tbk Idr100, address: undefined
Postal Savings Bank Of China (Local 1658), address: undefined
Rhb Capital Unlisted Windup Shs, address: undefined
Ping An Healthcare & Techno Co 144a, address: undefined
Poly Real Estate Group, address: undefined
Psg Group Ltd, address: undefined
Ptt Public, address: undefined
Remgro Ltd., address: undefined
Ptt Global Chemical Public, address: undefined
Ratch Group Public Company Limited, address: undefined
Semen Gresik Persero, address: undefined
Qatar Electricity & Water Qar10, address: undefined
Powszechna Kasa Oszczednosci Bank Polski Sa, address: undefined
Ping An Insurance(Group)Co.Of China  , address: undefined
Shaanxi Coal Industry , address: undefined
Ql Resources Bhd, address: undefined
Posco Chemical, address: undefined
Polymetal Intl Plc Ord Npv(Rub), address: undefined
Pttglobal Chemical Thb 10(Nvdr), address: undefined
Qatar International Islamic Bank Qar10, address: undefined
Qudian Inc Ads Each Rep 1 Ord Shs Class A, address: undefined
Robinsons Land Cp Php1, address: undefined
Raia Drogasil Sa, address: undefined
Rongsheng Petro Chemical, address: undefined
Rmb Hldgs Zar0.01, address: undefined
Polski Koncern Naftowy Orlen, address: undefined
Pt Pakuwon Jati, address: undefined
Polyus Gold Ojsc, address: undefined
Saudi Basic Inds Sar 10.000, address: undefined
Sbi Life Insurance, address: undefined
Qatar National Bank Qar10, address: undefined
Promotora Y Operadora De, address: undefined
Rts. Hdc Hyundai Dev. Co-Engineering & Const, address: undefined
Samsung Fire & Marine Insurance Co., Ltd., address: undefined
Saudi Cement Co Sar10, address: undefined
Ruentex Development, address: undefined
Severstal Gdr, address: undefined
Saudi Arabian Oil Company Sar10, address: undefined
Saudi International Petrochemical C Sar10, address: undefined
Samsung Card Npv, address: undefined
Powertech Technologies, address: undefined
Samsung Electro-Mechanics Co., Ltd., address: undefined
Saic Motor Corporation Limited  , address: undefined
Samsung Electronics Co., Ltd. Pfd, address: undefined
Saudi Airlines Catering Company Sar10.00, address: undefined
Saudi Arabian Fertiliser Co Sar10, address: undefined
Saudi Electricity Company Sar10, address: undefined
Sany Heavy Industry Co , address: undefined
Samsung Biologics, address: undefined
Rumo, address: undefined
Saudi Telecom Sar10, address: undefined
Savola Group Sar10, address: undefined
Saudi Indl. Inv. Grp., address: undefined
Sberbank, address: undefined
Ruentex Industries , address: undefined
Samsung Life Insurance Co , address: undefined
Samsung Engineering Co., Ltd., address: undefined
S-1 Corporation, address: undefined
Sasol Ltd., address: undefined
Santander Bank Polska Sa, address: undefined
Saci Falabella, address: undefined
Sangfor Technologies Inc, address: undefined
Sdic Power Holdings, address: undefined
Samba Financial Group Sar10, address: undefined
Seazen Group Limited, address: undefined
Security Bank Corp (Ph) Php10, address: undefined
Samsung Heavy Industries Co., Ltd., address: undefined
Severstal Pao, address: undefined
Shandong Gold Mining, address: undefined
Saudi Kayan Petrochemical, address: undefined
Sdic Cap., address: undefined
Samsung Sdi Co., Ltd., address: undefined
Shandong Linglong Tyre, address: undefined
Saudi British Bank Sar10, address: undefined
Shandong Buchang Pharmaceuticals Co , address: undefined
Rosneft Oil Company, address: undefined
Sanan Optoelectronics Co. Ltd. , address: undefined
Sf Hldg., address: undefined
Samsung Sds, address: undefined
Sansteel Minguang Fujian, address: undefined
Saudi Arabian Mining Company Sar10, address: undefined
Sberbank, address: undefined
Rosneft Ojsc Gdr Each Repr 1 Ord 'Regs', address: undefined
Samsung Electronics, address: undefined
Shanghai Jahwa United Co. Ltd.  , address: undefined
Shenzhen Expressway, address: undefined
Shanghai Yuyuan Tourist Mart(Group) , address: undefined
Samsung C&T Corp, address: undefined
Semicon. Mfg. Intl., address: undefined
Shenzhen Overseas Chinese, address: undefined
Shenzhen Energy Grp., address: undefined
Sibanye-Stillwater, address: undefined
Shenzhen Kangtai Biological Prods., address: undefined
Shin Kong Financial Holding Co., Ltd., address: undefined
Shenzhen Zhongjin Lingnan, address: undefined
Siam Commercial Bank Pcl, address: undefined
Shandong Nanshan Aluminum, address: undefined
Shree Cement Inr10¦, address: undefined
Shanxi Xinghuacun Fenwine Factory , address: undefined
Shenzhen Salubris Pharma, address: undefined
Siam Cement Co., address: undefined
Shui On Land Ltd., address: undefined
Shanghai Construction Common Stock, address: undefined
Shanghai Electric Group Co , address: undefined
Shanghai Pudong Development Bank, address: undefined
Shandong Sinocera Functional Matl Stock Connect, address: undefined
Shenergy Company Limited , address: undefined
Shanghai Fosun Pharmaceutical Group  , address: undefined
Shanxi Taigang Stainless Steel, address: undefined
Shanghai Baosight Software , address: undefined
Shanghai Pharmaceuticals Holding Co  , address: undefined
Shanghai Pharmaceuticals-H, address: undefined
Shenwan Hongyuan Group, address: undefined
Shanghai International Airport Co  , address: undefined
Shenzhen International Hldgs Ord , address: undefined
Shenzhen Investment Ltd, address: undefined
Shenzhen Goodix Technology, address: undefined
Shoprite Holdings Ltd., address: undefined
Shennan Circuits, address: undefined
Shinhan Financial Group Co., Ltd., address: undefined
Sichuan Chuantou Energy, address: undefined
Shenzhen Mindray B , address: undefined
Shenzhen Sunway Communicat, address: undefined
Shimao Property Holdings Ltd., address: undefined
Shanghai Zhangjiang Hi-Tech Park , address: undefined
Shanghai Tunnel Eng., address: undefined
Siam Commercial Bkthb10, address: undefined
Shanghai Industrial Holdings Ltd., address: undefined
Shriram Transport Inr10¦, address: undefined
Shanxi Lu, address: undefined
Shanghai Fosun Pharmaceutical Group  'H', address: undefined
Shenzhou International Group Hldgs , address: undefined
Shandong Sun Paper Ind., address: undefined
Shenzhen Airport Co, address: undefined
Taiwan Mobile, address: undefined
Sun Art Retail Group Ltd, address: undefined
Sk Telecom Adr, address: undefined
Sino-American Silicon Products, Inc., address: undefined
Taishin Financial Holdings Co., Ltd., address: undefined
Shanghai Lujiazui Fin & Trade Zone, address: undefined
Siemens India Ltd, address: undefined
Ssy Group Ltd, address: undefined
Suzhou Gold Mantis Constr , address: undefined
Sichuan Languang Development, address: undefined
Sichuan Kelun Pharmaceutical Co Ldt , address: undefined
Sk Hynix Inc, address: undefined
Songcheng Performance Deve, address: undefined
Shanxi Xishan Coal & Electy. Power, address: undefined
Shanghai International Port(Group) , address: undefined
Shanghai Mg Stationery Inc, address: undefined
Suning Com, address: undefined
Soho China Ltd, address: undefined
Taiwan Cement Corp., address: undefined
Sm Investments Corp., address: undefined
Std Bk Group Ltd., address: undefined
Sunwoda Electronic, address: undefined
Soochow Securities, address: undefined
Sina Corporation Ord , address: undefined
Sinopec Engineering(Group, address: undefined
Suzano Sa, address: undefined
Sinotruk (Hong Kong) Ltd , address: undefined
Sul America Partecipacoe Units (1 Com Shs & 2 Pref, address: undefined
Taiwan Cooperative Financial Holdings, address: undefined
Southwest Securities Co. Ltd. Cls, address: undefined
State Bank Of India, address: undefined
Sinopharm Group Co-H Comstk, address: undefined
Sunny Optical Technology Group , address: undefined
Taiwan High Speed Rail Corp , address: undefined
Tasly Pharmaceutical Group, address: undefined
Shinsegae Co., Ltd., address: undefined
Surgutneftegas Pjsc, address: undefined
Sociedad Quimica Y Minera De Chile, address: undefined
Sunac China Hldgs , address: undefined
Tal Education Group Ads Ea Repr 2 Cl A Ord Shs, address: undefined
Sichuan Swellfun, address: undefined
Sinopac Financial Holdings Co., Ltd., address: undefined
Sino-Ocean Group Holding Ltd, address: undefined
Southern Copper Corp, address: undefined
Surgutneftegas Pjsc, address: undefined
Sime Darby Berhad, address: undefined
Shenzhen Inovance Technolo , address: undefined
Sinotrans Ltd., address: undefined
Sime Darby Plantation, address: undefined
Taiwan Semiconductor Manufacturing, address: undefined
Sinopec Shanghai Petrochemical Co Ord, address: undefined
Sk Holdings, address: undefined
Shanxi Meijin Energy Co. Ltd. Stock Connect, address: undefined
S-Oil Corp, address: undefined
Sun Pharmaceutical Eq-Inr 1, address: undefined
Shengyi Technology, address: undefined
Suzhou Dongshan Precision Mfg., address: undefined
Spring Airlines, address: undefined
Taiwan Business Bktwd10, address: undefined
Surgutneftegas-Pjsc, address: undefined
Sk Innovation, address: undefined
Sk Telecom, address: undefined
Srisawad Corp Pcl, address: undefined
The Spar Group Ltd., address: undefined
Towngas China Co , address: undefined
Tata Motors Ltd, address: undefined
Sinolink Securities Co. Ltd. , address: undefined
Telecom Argentina Sa, address: undefined
Tata Power, address: undefined
Thai Petrochemical Industry, address: undefined
Sinopec Shanghai Petrochemical Co., Ltd., address: undefined
Turk Sise Ve Cam Fabrikalari As, address: undefined
Sino Biophamaceutical , address: undefined
Siasun Robot & Automation, address: undefined
Siam Cement Pcl, address: undefined
Transportadora De Gas Adr, address: undefined
Tatung Co., Ltd., address: undefined
Turkcell Iletisim Hizmet, address: undefined
Toly Bread, address: undefined
Telkom Group Ltd Zar10, address: undefined
Thai Oil Public Co Limited, address: undefined
Tupras Turkiye Petrol Rafinerileri As, address: undefined
Tm International, address: undefined
Telkom Sa Soc Ltd., address: undefined
Telekomunikacja Polska Sa, address: undefined
Trakya Cam, address: undefined
Tingyi, address: undefined
Tech Mahindra Ltd, address: undefined
Top Glove Corp Bhd Myr0.5, address: undefined
Tsingtao Brewery Co., Ltd., address: undefined
Sunshine City Group, address: undefined
Thai Oil Public Co Limited , address: undefined
Tebian Electric Apparatus Stock Co. , address: undefined
Telekom Malaysia Bhd, address: undefined
Tongwei Co , address: undefined
Transfar Zhilian, address: undefined
Tianqi Lithium Industries Inc , address: undefined
Topchoice Medical Investment Co. , address: undefined
Thai Union Group Pcl, address: undefined
Total Access Communications Thb2 (Nvdr), address: undefined
Surgutneftegas Pjsc, address: undefined
Titan Company Limited, address: undefined
Tmb Bank Public Company Non Vtg Dep Rcpt Rep 1 Ord, address: undefined
Tongling Nonferrous Metals, address: undefined
Tata Consultancy Services Inr1, address: undefined
Telef Brasil, address: undefined
Tsinghua Unisplendour Co, address: undefined
Tiger Brands Ltd, address: undefined
Tatneft-Cls, address: undefined
Turk Hava Yollari, address: undefined
Telekomunikasi Indonesia Tbk Pt, address: undefined
Tatneft Ads Eur (Repr 6 Ord Rub0.10), address: undefined
Tenaga Nasional Bhd, address: undefined
Turkiye Is Bankasi, address: undefined
Standard Foods, address: undefined
Tav Havalimanlari Holding A.S., address: undefined
Tianma Microelectronics, address: undefined
Sm Prime Holdings, Inc., address: undefined
Tsingtao Brewery Co Ser, address: undefined
Tencent Music Entertainment Group Spon Ads Each Re, address: undefined
Titan Cement Intl. Trading, address: undefined
Synnex Technology International Corp., address: undefined
Trip.Com Grp., address: undefined
Travelsky Technolo, address: undefined
Tongkun Group, address: undefined
Tata Steel Limited, address: undefined
Turkiye Garanti Bankasi As, address: undefined
Tcl Corp, address: undefined
Tencent Hldgs Limited Common Stock, address: undefined
Tatneft Pjsc Adr Each Rep 6 Ord Shs Regs, address: undefined
The Shanghai Comm & Savings Bank , address: undefined
Tonghua Dongbao Medicines, address: undefined
True Corporation Pcl Non Vtg Dep Rcpt Rep 1 Ord Th, address: undefined
Uni-President Enterprises Corp., address: undefined
Ultrapar Participaprf Npv, address: undefined
Tim Participacoes Prf Np, address: undefined
Utd. Spirits, address: undefined
Wts. Bts Grp. Hldgs. Pcl-Nvdr 12/31/2021, address: undefined
Upl Limited, address: undefined
Woongjin Coway, address: undefined
Walvax Biotechnology Co, address: undefined
Vtb Bank - Spon Gdr 144ar, address: undefined
Weifu High-Technology Grp, address: undefined
Wistron Corp, address: undefined
Wangsu Science & Tech., address: undefined
Unilever Indonesia Tbk Pt, address: undefined
Vedanta Ltd, address: undefined
Westone Info. Ind., address: undefined
Wuxi Biologics (Cayman) Inc , address: undefined
Wpg Holdings Ltd, address: undefined
Vtb Bank(Jsc) Gdr (Each Repr 2000 Ords)(Regs), address: undefined
Will Semiconductor, address: undefined
Wuxi Apptec, address: undefined
United Tractors Tbk Pt, address: undefined
Universal Robina Php1, address: undefined
Weihai Guangwei Composites, address: undefined
Wuhu Sanqi Interactive Entmnt. Network, address: undefined
Xiamen C & D, address: undefined
Walsin Tech. Corp, address: undefined
Uni-President China Holdi, address: undefined
Xcmg Construction Machin, address: undefined
Wal-Mart De Mexico Sab De Cv, address: undefined
X5 Retail Group Nv Gdr Rep 0.25 Shs Eur1 Regs, address: undefined
Wipro Ltd., address: undefined
Weichai Power, address: undefined
Winning Health Technology, address: undefined
Wiwynn Corporation , address: undefined
Venustech Group Inc , address: undefined
United Micro Electronics, address: undefined
Turkiye Vakiflar Bankasi Tao, address: undefined
Ulker Biskuni Sanayi As, address: undefined
Ultratech Cemco, address: undefined
Wus Printed Circuit Kunsha-A Stock Connect, address: undefined
Unigroup Guoxin, address: undefined
Wanhua Chemical Group, address: undefined
Want Want China Holdings Ltd., address: undefined
Weichai Power, address: undefined
Universal Scientific Ind (Shanghai) , address: undefined
Weg Sa, address: undefined
Woolworths Holdings Ltd., address: undefined
Winbond Electronics Corp., address: undefined
Westports Holdings Berhad Myr0.1, address: undefined
Wuxi Apptec, address: undefined
Win Semiconductors Corp , address: undefined
Vtb Bank Ojsc, address: undefined
Wharf Holdings Ltd., address: undefined
Wanda Film Holding, address: undefined
Wuxi Lead Intellig , address: undefined
Woori Finl. Grp., address: undefined
Wuchan Zhongda Group Co.Ltd , address: undefined
Weibo Corporation Adr Ea Repr 1 Ord Shs, address: undefined
Vanguard International Semiconducto , address: undefined
Western Secs., address: undefined
Wuliangye Yibin, address: undefined
Xiaomi Corporation , address: undefined
Vipshop Hldgs Ltd Spon Adr, address: undefined
Zhengzhou Yutong Bus Co. Ltd. , address: undefined
Xinjiang Goldwind Sci&Tech, address: undefined
Yuexiu Prop, address: undefined
Yanzhou Coal Mining, address: undefined
Xl Axiata Tbk Idr100, address: undefined
Yageo Corp., address: undefined
Zhejiang Chint Electrics, address: undefined
Zte Corp, address: undefined
Zhongan Online P & C Ins, address: undefined
Zhejiang Dingli Machinery, address: undefined
Xinjiang Goldwind Sci&Tec-H Comstk, address: undefined
Yanbu National Petrochemical Co Sar10, address: undefined
Zhaojin Mining Industry C, address: undefined
Zhejiang Huayou Cobalt, address: undefined
Zhejiang Nhu, address: undefined
Zee Entertainment Enterprises Ltd, address: undefined
Ytl Corp. Bhd, address: undefined
Zhejiang Sanhua Intelligent Control , address: undefined
Yifeng Pharmacy Chain, address: undefined
Zhejiang Weixing New Build, address: undefined
Ya Hsin Industrial Co., Ltd., address: undefined
Zhongji Innolight, address: undefined
Zhangzhou Pientzehuang Pharmaceutic , address: undefined
Yunnan Energy New Material, address: undefined
Yintai Resources, address: undefined
Zhuzhou Crrc Times Electric Co, address: undefined
Yealink Network Technology Corporat , address: undefined
Zhejiang Wolwo Bio-Pharmaceutical Stock Connect, address: undefined
Yunnan Baiyao Grp., address: undefined
Yuanta Financial Hldg, address: undefined
Zhenro Properties Gp Ltd , address: undefined
Yantai Jereh Oilfield, address: undefined
Yonyou Network Technology, address: undefined
Zhen Ding Technology Holding Ltd , address: undefined
Zhongsheng Group Holdings Limited , address: undefined
Yum China Hldgs., address: undefined
Yuhan Corp., address: undefined
Zhejiang Dahua Technology, address: undefined
Yihai International Holding Ltd , address: undefined
Zte Corp., address: undefined
Zijin Mining Group Co.Ltd, address: undefined
Zijin Mining Group, address: undefined
Zhejiang Huahai Pharmaceutical Co , address: undefined
Xinyi Solar Hldgs , address: undefined
Xinhu Zhongbao Co. Ltd. , address: undefined
Yuzhou Properties Company Limited , address: undefined
3sbio Inc, address: undefined
Yunda Holding, address: undefined
51job Inc Adr Ea Rep 2 Ord , address: undefined
Yapi Ve Kredi Bankasi, address: undefined
Zhejiang Supor, address: undefined
Zto Express (Cayman) Inc Adr Each Repr 1 Shs Spon, address: undefined
360 Sec. Tech., address: undefined
Yanzhou Coal Mining Co., Ltd., address: undefined
Zhejiang Expressway, address: undefined
Ztianjin Zhonghuan Semicond, address: undefined
Zheshang Securities, address: undefined
Zhejiang Longsheng Group Co , address: undefined
Shanghai Electric Group Co., Ltd., address: undefined
Beijing Shunxin Agricult, address: undefined
Banpu Public Co. - Foreign, address: undefined
Apex Technology, address: undefined
Aurobindo Pharma Inr1, address: undefined
Zoomlion Heavy Industry S, address: undefined
Baic Motor Corporation Limited 'H', address: undefined
Asymchem Laboratories (Tianjin) Co , address: undefined
Baidu Com Inc Sponsored Adr Repstg Ord Shs Cl A, address: undefined
Bandhan Bank Limited Demat Equity, address: undefined
Asaiatic Dev Bhd Myr0.50, address: undefined
Aspen Pharmacare Holdings Ltd., address: undefined
Axis Bank Ltd, address: Axis House, C-2, Wadia International Centre Pandurang Budhkar Marg Worli, Mumbai 400025, India
Arca Continent Sab De Cv, address: Av. San Jeronimo 813 Pte., Monterrey, NL 64640, Mexico
Ashok Leyland Ltd, address: No.1, Sardar Patel Road, Guindy, Chennai 600032, India
Avic Helicopter, address: No. 15, Youxie Avenue, Pingfang District, Harbin 150066, China
Avic Shenyang Aircraft, address: No. 1, Lingbei Street, Huanggu District, Shenyang 110850, China
Avic Aircraft, address: No.1, Xifei Avenue, Yanliang District, Xi'an 710089, China
Guangdong Investment Ltd., address: 
Mediatek, Inc., address: No. 1, Dusing 1st Road, Hsinchu Science Park, Hsinchu 30078, Taiwan
Anhui Conch Cement , address: No. 39 Wenhua Road, Wuhu 241000, China
Bajaj Finance Ltd, address: Bajaj Finserv Corporate Office, 4th Floor Off Pune - Ahmednagar Road Viman Nagar, Pune 411 014, India
Au Optronics Corp., address: Hsinchu Science Park, No. 1, Li-Hsin Road 2, Hsinchu 30078, Taiwan
Ase Technology Holding, address: 26 Chin Third Road, Nantze Export Processing Zone Nantze, Kaohsiung 811, Taiwan
China Fortune Land, address: Tower A, Gateway Plaza, 7th Floor 18 Xiaguangli East 3rd Ring North Road, Chaoyang District, Beijing 100027, China
